Datetime,Water Level (m)
2025-11-25 06:00:00,-0.019365398
2025-11-25 07:00:00,0.19872653
2025-11-25 08:00:00,0.30327696
2025-11-25 09:00:00,0.2929009
2025-11-25 10:00:00,0.1252873
2025-11-25 11:00:00,-0.1376882
2025-11-25 12:00:00,-0.35820916
2025-11-25 13:00:00,-0.51749295
2025-11-25 14:00:00,-0.6391323
2025-11-25 15:00:00,-0.70132303
2025-11-25 16:00:00,-0.6266683
2025-11-25 17:00:00,-0.22065596
2025-11-25 18:00:00,0.1448913
2025-11-25 19:00:00,0.4051309
2025-11-25 20:00:00,0.59198254
2025-11-25 21:00:00,0.6443004
2025-11-25 22:00:00,0.5221562
2025-11-25 23:00:00,0.25032085
2025-11-26 00:00:00,-0.025720153
2025-11-26 01:00:00,-0.23048083
2025-11-26 02:00:00,-0.38224733
2025-11-26 03:00:00,-0.50393087
2025-11-26 04:00:00,-0.5802833
2025-11-26 05:00:00,-0.5405085
2025-11-26 06:00:00,-0.2924287
2025-11-26 07:00:00,-0.012200378
2025-11-26 08:00:00,0.16200992
2025-11-26 09:00:00,0.26075208
2025-11-26 10:00:00,0.25386095
2025-11-26 11:00:00,0.09175269
2025-11-26 12:00:00,-0.15814972
2025-11-26 13:00:00,-0.35894364
2025-11-26 14:00:00,-0.49617237
2025-11-26 15:00:00,-0.59160024
2025-11-26 16:00:00,-0.61809283
2025-11-26 17:00:00,-0.48132238
2025-11-26 18:00:00,-0.09856989
2025-11-26 19:00:00,0.19069873
2025-11-26 20:00:00,0.39283937
2025-11-26 21:00:00,0.5379559
2025-11-26 22:00:00,0.55341464
2025-11-26 23:00:00,0.41468662
2025-11-27 00:00:00,0.15211022
2025-11-27 01:00:00,-0.08836764
2025-11-27 02:00:00,-0.27428508
2025-11-27 03:00:00,-0.4142491
2025-11-27 04:00:00,-0.5188719
2025-11-27 05:00:00,-0.5683939
2025-11-27 06:00:00,-0.49332815
2025-11-27 07:00:00,-0.23920795
2025-11-27 08:00:00,-0.004383955
2025-11-27 09:00:00,0.14941125
2025-11-27 10:00:00,0.2507525
2025-11-27 11:00:00,0.255062
2025-11-27 12:00:00,0.13310367
2025-11-27 13:00:00,-0.08466705
2025-11-27 14:00:00,-0.27763054
2025-11-27 15:00:00,-0.41094428
2025-11-27 16:00:00,-0.50827104
2025-11-27 17:00:00,-0.542
2025-11-27 18:00:00,-0.3983685
2025-11-27 19:00:00,-0.028917337
2025-11-27 20:00:00,0.23711553
2025-11-27 21:00:00,0.4135838
2025-11-27 22:00:00,0.5260243
2025-11-27 23:00:00,0.514642
2025-11-28 00:00:00,0.36828983
2025-11-28 01:00:00,0.1318289
2025-11-28 02:00:00,-0.08093196
2025-11-28 03:00:00,-0.24920648
2025-11-28 04:00:00,-0.3821887
2025-11-28 05:00:00,-0.49215597
2025-11-28 06:00:00,-0.5549108
2025-11-28 07:00:00,-0.5014241
2025-11-28 08:00:00,-0.2659533
2025-11-28 09:00:00,-0.0046774787
2025-11-28 10:00:00,0.1833868
2025-11-28 11:00:00,0.30442837
2025-11-28 12:00:00,0.33159876
2025-11-28 13:00:00,0.23055716
2025-11-28 14:00:00,0.027770504
2025-11-28 15:00:00,-0.17618172
2025-11-28 16:00:00,-0.3235953
2025-11-28 17:00:00,-0.42763275
2025-11-28 18:00:00,-0.4673649
2025-11-28 19:00:00,-0.37749943
2025-11-28 20:00:00,-0.06994258
2025-11-28 21:00:00,0.19109634
2025-11-28 22:00:00,0.36838612
2025-11-28 23:00:00,0.4801424
2025-11-29 00:00:00,0.47592828
2025-11-29 01:00:00,0.35774472
2025-11-29 02:00:00,0.14352551
2025-11-29 03:00:00,-0.08122835
2025-11-29 04:00:00,-0.2666862
2025-11-29 05:00:00,-0.41986302
2025-11-29 06:00:00,-0.540456
2025-11-29 07:00:00,-0.61785364
2025-11-29 08:00:00,-0.5895788
2025-11-29 09:00:00,-0.3334911
2025-11-29 10:00:00,-0.008109879
2025-11-29 11:00:00,0.22090629
2025-11-29 12:00:00,0.38491866
2025-11-29 13:00:00,0.44546905
2025-11-29 14:00:00,0.3672253
2025-11-29 15:00:00,0.16461726
2025-11-29 16:00:00,-0.07381976
2025-11-29 17:00:00,-0.24890356
2025-11-29 18:00:00,-0.37715283
2025-11-29 19:00:00,-0.45861688
2025-11-29 20:00:00,-0.45629185
2025-11-29 21:00:00,-0.2389519
2025-11-29 22:00:00,0.084586166
2025-11-29 23:00:00,0.30083117
2025-11-30 00:00:00,0.4417451
2025-11-30 01:00:00,0.48861945
2025-11-30 02:00:00,0.39615777
2025-11-30 03:00:00,0.18060362
2025-11-30 04:00:00,-0.068566695
2025-11-30 05:00:00,-0.27681172
2025-11-30 06:00:00,-0.44706458
2025-11-30 07:00:00,-0.5900501
2025-11-30 08:00:00,-0.6933016
2025-11-30 09:00:00,-0.7021245
2025-11-30 10:00:00,-0.40399057
2025-11-30 11:00:00,-0.004302733
2025-11-30 12:00:00,0.28459162
2025-11-30 13:00:00,0.49328467
2025-11-30 14:00:00,0.5893168
2025-11-30 15:00:00,0.50928277
2025-11-30 16:00:00,0.2825054
2025-11-30 17:00:00,0.0069873095
2025-11-30 18:00:00,-0.19564667
2025-11-30 19:00:00,-0.35348082
2025-11-30 20:00:00,-0.47563854
2025-11-30 21:00:00,-0.53837466
2025-11-30 22:00:00,-0.4280464
2025-11-30 23:00:00,-0.04277403
2025-12-01 00:00:00,0.24896371
2025-12-01 01:00:00,0.44358444
2025-12-01 02:00:00,0.54923654
2025-12-01 03:00:00,0.4865608
2025-12-01 04:00:00,0.24315707
2025-12-01 05:00:00,-0.057362422
2025-12-01 06:00:00,-0.29621935
